[
    {
        "activity_name": "Coding Workshop: Introduction to Python",
        "club_society": "UTM Computing Society",
        "description": "Learn the basics of Python programming in this hands-on workshop. No prior experience required!",
        "date": "2025-03-15",
        "time": "10:00 AM - 12:00 PM",
        "location": "Faculty of Computing, Lab 3",
        "registration_link": "https://utmcomputingsociety.com/python-workshop"
    },
    {
        "activity_name": "Photography Competition",
        "club_society": "UTM Photography Club",
        "description": "Showcase your photography skills and win exciting prizes!",
        "date": "2025-03-20",
        "time": "9:00 AM - 5:00 PM",
        "location": "Student Center Gallery",
        "registration_link": "https://utm-photography.com/competition"
    },
    {
        "activity_name": "Debate Tournament",
        "club_society": "UTM Debating Club",
        "description": "Join the annual inter-faculty debate tournament. Test your debating skills and win glory for your faculty!",
        "date": "2025-03-22",
        "time": "2:00 PM - 5:00 PM",
        "location": "Multimedia Room, Student Center",
        "registration_link": "https://utm-debatingclub.com/tournament"
    },
    {
        "activity_name": "Blood Donation Drive",
        "club_society": "UTM Red Crescent Club",
        "description": "Donate blood and save lives! Join us at the blood donation drive.",
        "date": "2025-03-25",
        "time": "9:00 AM - 2:00 PM",
        "location": "Student Center",
        "registration_link": "https://utm-redcrescent.com/blood-donation"
    },
    {
        "activity_name": "Movie Night",
        "club_society": "UTM Film Club",
        "description": "Enjoy a screening of the latest blockbuster movie with your fellow film enthusiasts.",
        "date": "2025-03-27",
        "time": "8:00 PM",
        "location": "Student Center Auditorium",
        "registration_link": "https://utm-filmclub.com/movienight"
    },
    {
        "activity_name": "Zumba Fitness Class",
        "club_society": "UTM Fitness Club",
        "description": "Get fit and have fun with our Zumba fitness class! Open to all students.",
        "date": "2025-03-28",
        "time": "5:00 PM - 6:00 PM",
        "location": "Sports Complex Gym",
        "registration_link": "https://utm-fitnessclub.com/zumba"
    },
    {
        "activity_name": "Career Fair",
        "club_society": "UTM Career Services",
        "description": "Meet potential employers and explore career opportunities at the annual career fair.",
        "date": "2025-03-29",
        "time": "10:00 AM - 4:00 PM",
        "location": "Exhibition Hall",
        "registration_link": "https://utm-careerservices.com/careerfair"
    },
    {
        "activity_name": "Open Mic Night",
        "club_society": "UTM Arts & Culture Club",
        "description": "Show off your talents at our open mic night! Singing, dancing, poetry, comedy – all are welcome!",
        "date": "2025-03-30",
        "time": "7:00 PM",
        "location": "Student Center Cafe",
        "registration_link": "https://utm-artsculture.com/openmic"
    },
    {
        "activity_name": "Volunteer Day",
        "club_society": "UTM Volunteer Club",
        "description": "Join us for a day of community service and make a difference! Various volunteer opportunities available.",
        "date": "2025-03-31",
        "time": "9:00 AM - 1:00 PM",
        "location": "Various locations around Johor Bahru",
        "registration_link": "https://utm-volunteerclub.com/volunteerday"
    },
    {
        "activity_name": "Inter-Faculty Sports Competition",
        "club_society": "UTM Sports Council",
        "description": "Cheer on your faculty in the annual inter-faculty sports competition! Various sports available.",
        "date": "2025-04-01",
        "time": "8:00 AM onwards",
        "location": "Sports Complex",
        "registration_link": "https://utm-sportscouncil.com/sportscomp"
    }
]